{"fl/local_train_loss":5.963257098197937,"baseline/val_loss":5.594580507278442,"fl/grad_divergence":0.3714325875043869,"_timestamp":1.7797180922257628e+09,"fl/local_val_loss":5.769441503286362,"baseline/step":1000,"_wandb":{"runtime":149},"_step":39,"fl/round":20,"fl/global_val_loss":5.9183748960494995,"baseline/train_loss":5.578391327299647,"_runtime":149}