{"fl/grad_divergence":0.14461982250213623,"fl/local_val_loss":5.146645575761795,"fl/global_val_loss":5.416648244857788,"baseline/step":1000,"_wandb":{"runtime":632},"fl/round":20,"baseline/val_loss":4.183797121047974,"_step":39,"fl/local_train_loss":5.394122815132142,"baseline/train_loss":4.128128510929458,"_timestamp":1.7797244652317362e+09,"_runtime":632}