{"fl/local_train_loss":5.285034582316875,"fl/global_val_loss":5.1767683029174805,"_runtime":1341,"_step":39,"_timestamp":1.77990506424973e+09,"baseline/step":1000,"_wandb":{"runtime":1341},"fl/local_val_loss":5.160953088849783,"baseline/train_loss":4.1246914581502105,"baseline/val_loss":4.180140590667724,"fl/round":20,"fl/grad_divergence":0.6195552097633481}